level	money	blocks
2	80	10
3	120	30
4	150	50
5	190	60
6	220	80
7	280	100
8	400	120
9	600	140
10	800	160
11	1100	190
12	1500	210
13	2000	230
14	3000	260
15	6000	280
16	9000	310
17	13000	340
18	17000	360
19	22000	390
20	40000	420
21	50000	460
22	60000	490
23	70000	520
24	80000	560
25	90000	590
26	150000	630
27	200000	670
28	250000	710
29	350000	750
30	450000	800
31	550000	840
32	600000	890
33	650000	940
34	750000	990
35	850000	1040
36	1000000	1100
37	1200000	1150
38	1400000	1210
39	1600000	1270
40	1800000	1330
41	2000000	1400
42	2200000	1460
43	2400000	1530
44	2600000	1600
45	2900000	1680
46	3200000	1760
47	3500000	1840
48	3800000	1920
49	4200000	2010
50	4600000	2090
51	5100000	2190
52	5700000	2280
53	6200000	2380
54	6800000	2480
55	7400000	2590
56	7800000	2700
57	8200000	2810
58	8600000	2930
59	9000000	3060
60	10000000	3180
61	12500000	3310
62	14500000	3380
63	16000000	3460
64	17500000	3540
65	19000000	3620
66	20500000	3700
67	21500000	3790
68	22500000	3870
69	23000000	3960
70	23500000	4060
71	24000000	4150
72	24500000	4250
73	25500000	4350
74	27500000	4450
75	29000000	4560
76	30000000	4660
77	31000000	4780
78	33000000	4890
79	35000000	5010
80	36000000	5130
81	38000000	5250
82	40000000	5380
83	44000000	5510
84	46000000	5640
85	48000000	5780
86	50000000	5920
87	54000000	6070
88	58000000	6220
89	62000000	6370
90	66000000	6530
91	70000000	6690
92	73000000	6860
93	76000000	7030
94	82000000	7200
95	86000000	7380
96	93000000	7570
97	98000000	7760
98	105000000	7950
99	110000000	8150
100	120000000	8360
101	130000000	8570
102	140000000	8790
103	150000000	9010
104	160000000	9240
105	170000000	9470
106	180000000	9720
107	190000000	9960
108	200000000	10200
109	220000000	10400
110	230000000	10700
111	240000000	11000
112	250000000	11300
113	260000000	11600
114	280000000	11900
115	300000000	12200
116	310000000	12500
117	320000000	12800
118	330000000	13100
119	340000000	13500
120	370000000	13800
121	400000000	14200
122	450000000	14400
123	470000000	14700
124	490000000	15000
125	510000000	15200
126	530000000	15500
127	550000000	15800
128	560000000	16100
129	570000000	16500
130	580000000	16800
131	590000000	17100
132	600000000	17500
133	620000000	17800
134	660000000	18200
135	700000000	18600
136	760000000	19000
137	820000000	19400
138	880000000	19800
139	920000000	20200
140	960000000	20700
141	970000000	21100
142	980000000	21600
143	1000000000	22100
144	1100000000	22600
145	1200000000	23100
146	1250000000	23600
147	1300000000	24200
148	1300000000	24700
149	1400000000	25300
150	1400000000	25900
151	1500000000	26500
152	1500000000	27100
153	1600000000	27800
154	1600000000	28500
155	1700000000	29100
156	1700000000	29900
157	1800000000	30600
158	1800000000	31300
159	1900000000	32100
160	2000000000	32900
161	2100000000	33700
162	2200000000	34600
163	2300000000	35500
164	2350000000	36400
165	2400000000	37300
166	2450000000	38200
167	2500000000	39200
168	2550000000	40200
169	2600000000	41300
170	2650000000	42300
171	2700000000	43500
172	2800000000	44600
173	3000000000	45800
174	3200000000	47000
175	3300000000	48200
176	3400000000	49500
177	3500000000	50800
178	3600000000	52200
179	3700000000	53600
180	3800000000	55000
181	4000000000	56500
182	4400000000	57500
183	4600000000	58500
184	4800000000	59500
185	5000000000	60600
186	5200000000	61600
187	5400000000	62700
188	5500000000	63800
189	5600000000	64900
190	5700000000	66100
191	5800000000	67200
192	5900000000	68400
193	6000000000	69600
194	6100000000	70900
195	6300000000	72100
196	6500000000	73400
197	6700000000	74700
198	6900000000	76000
199	7100000000	77300
200	7200000000	78600
201	7400000000	80000
202	7800000000	81400
203	8200000000	82800
204	8600000000	84300
205	9000000000	85800
206	9200000000	87300
207	9400000000	88800
208	9600000000	90300
209	9800000000	91900
210	10200000000	93500
211	10400000000	95200
212	10800000000	96800
213	11200000000	98500
214	11600000000	100000
215	12000000000	102000
216	12400000000	103000
217	12800000000	105000
218	13000000000	107000
219	13400000000	109000
220	13800000000	111000
221	14200000000	113000
222	14600000000	115000
223	15000000000	117000
224	15300000000	119000
225	15600000000	121000
226	15900000000	123000
227	16200000000	125000
228	16500000000	127000
229	16800000000	129000
230	17200000000	132000
231	17700000000	134000
232	18200000000	136000
233	18700000000	138000
234	19200000000	141000
235	19700000000	143000
236	20300000000	146000
237	20900000000	148000
238	21500000000	151000
239	22000000000	154000
240	23000000000	156000
241	24000000000	159000
242	26000000000	160000
243	28000000000	162000
244	29000000000	164000
245	30000000000	166000
246	31000000000	168000
247	32000000000	170000
248	33000000000	172000
249	34000000000	173000
250	35000000000	175000
251	36000000000	177000
252	37000000000	179000
253	38000000000	181000
254	39000000000	184000
255	40000000000	186000
256	41000000000	188000
257	42000000000	190000
258	43000000000	192000
259	44000000000	194000
260	45000000000	196000
261	46000000000	199000
262	47000000000	201000
263	48000000000	203000
264	49000000000	205000
265	50000000000	208000
266	51000000000	210000
267	52000000000	212000
268	53000000000	215000
269	54000000000	217000
270	55000000000	220000
271	56000000000	222000
272	58000000000	225000
273	60000000000	227000
274	62000000000	230000
275	64000000000	232000
276	66000000000	235000
277	68000000000	237000
278	70000000000	240000
279	71000000000	243000
280	72000000000	246000
281	73000000000	248000
282	74000000000	251000
283	75000000000	254000
284	76000000000	257000
285	77000000000	260000
286	78000000000	263000
287	79000000000	266000
288	80000000000	268000
289	81000000000	271000
290	82000000000	275000
291	84000000000	278000
292	86000000000	281000
293	88000000000	284000
294	90000000000	287000
295	92000000000	290000
296	94000000000	294000
297	96000000000	297000
298	98000000000	300000
299	100000000000	303000
300	102000000000	307000
301	104000000000	310000
302	110000000000	313000
303	116000000000	317000
304	122000000000	320000
305	128000000000	324000
306	134000000000	328000
307	140000000000	331000
308	144000000000	335000
309	147000000000	339000
310	150000000000	343000
311	153000000000	346000
312	156000000000	350000
313	159000000000	354000
314	162000000000	358000
315	165000000000	362000
316	168000000000	366000
317	171000000000	370000
318	174000000000	374000
319	177000000000	378000
320	180000000000	382000
321	185000000000	386000
322	190000000000	390000
323	195000000000	394000
324	200000000000	398000
325	205000000000	402000
326	207000000000	406000
327	211000000000	410000
328	215000000000	415000
329	220000000000	419000
330	225000000000	423000
331	230000000000	427000
332	232000000000	432000
333	234000000000	436000
334	236000000000	440000
335	238000000000	445000
336	240000000000	449000
337	245000000000	454000
338	250000000000	458000
339	255000000000	463000
340	260000000000	467000
341	265000000000	472000
342	270000000000	476000
343	275000000000	481000
344	278000000000	485000
345	280000000000	490000
346	282000000000	495000
347	284000000000	500000
348	286000000000	504000
349	288000000000	509000
350	295000000000	514000
351	300000000000	519000
352	310000000000	524000
353	320000000000	528000
354	330000000000	533000
355	340000000000	538000
356	350000000000	543000
357	355000000000	548000
358	360000000000	553000
359	365000000000	558000
360	370000000000	563000
361	375000000000	569000
362	380000000000	575000
363	390000000000	582000
364	400000000000	589000
365	410000000000	596000
366	420000000000	603000
367	430000000000	610000
368	440000000000	617000
369	450000000000	624000
370	460000000000	631000
371	470000000000	638000
372	480000000000	646000
373	490000000000	653000
374	500000000000	660000
375	510000000000	667000
376	520000000000	675000
377	530000000000	682000
378	540000000000	690000
379	550000000000	697000
380	560000000000	705000
381	570000000000	713000
382	580000000000	720000
383	590000000000	728000
384	600000000000	736000
385	610000000000	743000
386	620000000000	751000
387	640000000000	759000
388	660000000000	767000
389	680000000000	775000
390	700000000000	783000
391	720000000000	791000
392	730000000000	799000
393	735000000000	808000
394	740000000000	816000
395	745000000000	824000
396	750000000000	832000
397	760000000000	841000
398	770000000000	849000
399	780000000000	858000
400	790000000000	866000
401	800000000000	875000
402	810000000000	884000
403	820000000000	892000
404	850000000000	901000
405	880000000000	910000
406	910000000000	919000
407	940000000000	927000
408	970000000000	936000
409	1000000000000	945000
410	1010000000000	954000
411	1020000000000	964000
412	1030000000000	973000
413	1040000000000	982000
414	1050000000000	991000
415	1060000000000	1000000
416	1100000000000	1005000
417	1130000000000	1010000
418	1160000000000	1020000
419	1190000000000	1030000
420	1220000000000	1040000
421	1250000000000	1050000
422	1300000000000	1060000
423	1350000000000	1070000
424	1400000000000	1080000
425	1450000000000	1100000
426	1500000000000	1110000
427	1550000000000	1120000
428	1580000000000	1140000
429	1610000000000	1150000
430	1640000000000	1170000
431	1670000000000	1180000
432	1700000000000	1190000
433	1730000000000	1210000
434	1760000000000	1220000
435	1790000000000	1240000
436	1820000000000	1250000
437	1850000000000	1270000
438	1880000000000	1280000
439	1900000000000	1300000
440	1950000000000	1310000
441	2000000000000	1330000
442	2030000000000	1340000
443	2050000000000	1360000
444	2070000000000	1370000
445	2090000000000	1390000
446	2110000000000	1400000
447	2150000000000	1420000
448	2200000000000	1440000
449	2250000000000	1450000
450	2280000000000	1470000
451	2300000000000	1480000
452	2400000000000	1500000
453	2450000000000	1520000
454	2500000000000	1530000
455	2550000000000	1550000
456	2600000000000	1570000
457	2650000000000	1580000
458	2700000000000	1600000
459	2750000000000	1620000
460	2800000000000	1640000
461	2850000000000	1650000
462	2900000000000	1670000
463	2950000000000	1690000
464	3000000000000	1710000
465	3050000000000	1730000
466	3100000000000	1750000
467	3150000000000	1760000
468	3200000000000	1780000
469	3250000000000	1800000
470	3300000000000	1820000
471	3400000000000	1840000
472	3500000000000	1860000
473	3600000000000	1880000
474	3700000000000	1900000
475	3800000000000	1920000
476	3850000000000	1940000
477	3900000000000	1960000
478	3950000000000	1980000
479	4000000000000	2000000
480	4050000000000	2020000
481	4100000000000	2040000
482	4200000000000	2060000
483	4300000000000	2080000
484	4400000000000	2100000
485	4500000000000	2120000
486	4600000000000	2140000
487	4700000000000	2160000
488	4800000000000	2190000
489	4900000000000	2210000
490	5000000000000	2230000
491	5100000000000	2250000
492	5200000000000	2280000
493	5300000000000	2300000
494	5400000000000	2320000
495	5500000000000	2350000
496	5600000000000	2370000
497	5700000000000	2400000
498	5800000000000	2420000
499	5900000000000	2450000
500	6000000000000	2470000
501	6100000000000	2500000
502	6200000000000	2520000
503	6300000000000	2550000
504	6400000000000	2580000
505	6500000000000	2600000
506	6600000000000	2630000
507	6700000000000	2660000
508	6800000000000	2680000
509	6900000000000	2710000
510	7000000000000	2740000
511	7100000000000	2770000
512	7250000000000	2790000
513	7350000000000	2820000
514	7450000000000	2850000
515	7550000000000	2880000
516	7650000000000	2910000
517	7750000000000	2940000
518	7900000000000	2970000
519	8000000000000	3000000
520	8100000000000	3030000
521	8300000000000	3060000
522	8500000000000	3090000
523	8700000000000	3120000
524	8800000000000	3160000
525	9000000000000	3190000
526	9100000000000	3220000
527	9200000000000	3250000
528	9300000000000	3290000
529	9400000000000	3320000
530	9600000000000	3350000
531	9800000000000	3390000
532	10000000000000	3420000
533	10200000000000	3460000
534	10400000000000	3490000
535	10600000000000	3530000
536	10800000000000	3560000
537	11000000000000	3600000
538	11200000000000	3640000
539	11400000000000	3670000
540	11600000000000	3710000
541	11800000000000	3750000
542	12200000000000	3780000
543	12600000000000	3820000
544	13000000000000	3860000
545	13400000000000	3900000
546	13800000000000	3940000
547	14200000000000	3980000
548	14400000000000	4020000
549	14600000000000	4060000
550	14800000000000	4100000
551	15000000000000	4150000
552	15200000000000	4190000
553	15400000000000	4230000
554	15800000000000	4280000
555	16200000000000	4320000
556	16800000000000	4370000
557	17200000000000	4410000
558	17600000000000	4460000
559	18000000000000	4500000
560	18400000000000	4550000
561	18600000000000	4600000
562	18800000000000	4650000
563	19000000000000	4700000
564	19200000000000	4740000
565	19500000000000	4790000
566	20000000000000	4850000
567	20600000000000	4900000
568	21200000000000	4950000
569	21800000000000	5000000
570	22400000000000	5050000
571	23000000000000	5110000
572	24000000000000	5160000
573	25000000000000	5220000
574	26000000000000	5270000
575	27000000000000	5330000
576	28000000000000	5390000
577	29000000000000	5440000
578	30000000000000	5500000
579	31000000000000	5560000
580	32000000000000	5620000
581	33000000000000	5680000
582	34500000000000	5740000
583	36000000000000	5800000
584	37500000000000	5870000
585	39000000000000	5930000
586	40500000000000	5990000
587	42000000000000	6060000
588	43500000000000	6130000
589	45000000000000	6190000
590	46500000000000	6260000
591	48000000000000	6330000
592	50000000000000	6400000
593	53000000000000	6470000
594	57000000000000	6540000
595	62000000000000	6610000
596	68000000000000	6680000
597	73000000000000	6750000
598	78000000000000	6830000
599	83000000000000	6900000
600	88000000000000	6980000
